CREATE DATABASE QUARTERPROJECT;

USE QUARTERPROJECT;

CREATE TABLE USERS(
	UserID VARCHAR(10) NOT NULL,
	UserName VARCHAR(20) NOT NULL,
	UserEmail VARCHAR(320) NOT NULL,
	UserFirstName VARCHAR(20) NOT NULL,
	UserLastName VARCHAR(20) NOT NULL,
	PRIMARY KEY(UserID)
);

CREATE TABLE VENUE(
	VenueID VARCHAR(10) NOT NULL,
	VenueAddress VARCHAR(100) NOT NULL,
	VenueZipCode INT NOT NULL,
	VenuePhoneNumber VARCHAR(11) NOT NULL,
	PRIMARY KEY(VenueID)
);

CREATE TABLE MEDIA(
	MediaID VARCHAR(10) NOT NULL,
	MediaType VARCHAR(20) NOT NULL,
	MediaLength TIMESTAMP NOT NULL,
	MediaOriginDate DATE NOT NULL,
	PRIMARY KEY(MediaID)
);

CREATE TABLE PERFORMER(
	PerformerID VARCHAR(10) NOT NULL,
	PerformerName VARCHAR(20) NOT NULL,
	PerformerGenre VARCHAR(20) NOT NULL,
	PerformerSetlist VARCHAR(500),
	PerformerType VARCHAR(1) NOT NULL,
	PerformerStartTime DATETIME NOT NULL,
	PRIMARY KEY(PerformerID)
);

CREATE TABLE HEADLINER(
	PerformerID VARCHAR(10) NOT NULL,
	HeadlinerLightShow VARCHAR(500) NOT NULL,
	HeadlinerVisuals VARCHAR(500) NOT NULL,
	FOREIGN KEY(PerformerID) REFERENCES PERFORMER(PerformerID) ON UPDATE CASCADE,
	PRIMARY KEY(PerformerID)
);

CREATE TABLE SUPPORTER(
	PerformerID VARCHAR(10) NOT NULL,
	SupporterRequests VARCHAR(500) NOT NULL,
	FOREIGN KEY(PerformerID) REFERENCES PERFORMER(PerformerID) ON UPDATE CASCADE,
	PRIMARY KEY(PerformerID)
);

CREATE TABLE FESTIVAL(
	FestivalID VARCHAR(10) NOT NULL,
	VenueID VARCHAR(10) NOT NULL,
	PerformerID VARCHAR(10) NOT NULL,
	FestivalStart DATETIME NOT NULL,
	FestivalEnd DATETIME NOT NULL,
	FestivalDescription VARCHAR(500),
	FOREIGN KEY(VenueID) REFERENCES VENUE(VenueID) ON UPDATE CASCADE,
	FOREIGN KEY(PerformerID) REFERENCES PERFORMER(PerformerID) ON UPDATE CASCADE,
	PRIMARY KEY(FestivalID, VenueID)
);

CREATE TABLE CONCERT (
	ConcertID VARCHAR(10) NOT NULL,
	VenueID VARCHAR(10) NOT NULL,
	MediaID VARCHAR(10) NOT NULL,
	PerformerID VARCHAR(10) NOT NULL,
	FestivalID VARCHAR(10) NOT NULL,
	ConcertType VARCHAR(20) NOT NULL,
	ConcertGenre VARCHAR(20) NOT NULL,
	ConcertStartTime DATETIME NOT NULL,
	FOREIGN KEY(VenueID) REFERENCES VENUE(VenueID) ON UPDATE CASCADE,
	FOREIGN KEY(MediaID) REFERENCES MEDIA(MediaID) ON UPDATE CASCADE,
	FOREIGN KEY(PerformerID) REFERENCES PERFORMER(PerformerID) ON UPDATE CASCADE,
	FOREIGN KEY(FestivalID) REFERENCES FESTIVAL(FestivalID) ON UPDATE CASCADE,
	PRIMARY KEY(ConcertID, VenueID)
);

CREATE TABLE REVIEW(
	ReviewID VARCHAR(10) NOT NULL,
	UserID VARCHAR(10) NOT NULL,
	ConcertID VARCHAR(10) NOT NULL,
	ReviewParagraph VARCHAR(5000),
	ReviewScore INT NOT NULL,
	FOREIGN KEY(UserID) REFERENCES USERS(UserID) ON UPDATE CASCADE,
	FOREIGN KEY(ConcertID) REFERENCES CONCERT(ConcertID) ON UPDATE CASCADE,
	PRIMARY KEY(ReviewID, UserID, ConcertID)
);


INSERT INTO USERS(UserID, UserName, UserEmail, UserFirstName, UserLastName) VALUES
	('0870542682', 'badevera04', 'bdevera@seattleu.edu', 'Benjamin', 'de Vera'),
	('0647611212', 'jomi.kale', 'jruiz@seattleu.edu', 'Jomi', 'Ruiz'),
	('4251517163', 'bryankimchi', 'bkim@seattleu.edu', 'Bryan', 'Kim'),
	('7986050844', 'rykei.luo', 'rluo@seattleu.edu', 'Ryan', 'Luo'),
	('6268250151', 'ethan.barroga', 'ebarroga@seattleu.edu', 'Ethan', 'Barroga'),
	('2064701516', 'skyetensai', 'swong@seattleu.edu', 'Skyelar', 'Wong'),
	('7517385182', 'darylnserquinia', 'dserquinia@seattleu.edu', 'Daryl', 'Serquinia'),
	('7608001500', 'spaghemiily', 'etrinh@seattleu.edu', 'Emily', 'Trinh'),
	('8517090341', 'brnt_pj', 'vnguyenpham@seattleu.edu', 'Vinh', 'Nguyenpham'),
	('0209657080', 'ari_tumba', 'atumbagahan@uw.edu', 'Ari', 'Tumbagahan');

INSERT INTO VENUE(VenueID, VenueAddress, VenueZipCode, VenuePhoneNumber) VALUES
	('SHOWBOXDT','1426 1st Ave.', 98101,'2066283151'),
	('SHOWBOXSD','1700 1st Ave. South', 98134, '2066520997'),
	('WAMU','800 Occidental Ave. South', 98134, '2063817848'),
	('LUMEN','800 Occidental Ave. South', 98134, '2063817555'),
	('CLIPLEDGE','1st Ave. North', 98109, '2067527200'),
	('HANGAR30','6310 NE 74th St', 98115,'2062337892'),
	('TRINITY','107 Occidental Ave South', 98104, '2066977702'),
	('THEGORGE','754 Silica Rd NW', 98848,'2066073440'),
	('NUEMOS','925 E Pike St', 98122,'2067099467'),
	('BARBOZA','925 E Pike St', 98122, '2067099442');

INSERT INTO MEDIA (MediaID, MediaType, MediaLength, MediaOriginDate) VALUES
	('M000000001', 'Audio', '01:33:06', '2023-05-01'),
	('M000000002', 'Audio', '01:27:17', '2023-05-10'),
	('M000000003', 'Audio', '00:39:48', '2023-05-27'),
	('M000000004', 'Audio', '02:03:35', '2023-07-05'),
	('M000000005', 'Audio', '02:21:36', '2023-09-11'),
	('M000000006', 'Video', '02:48:17', '2023-02-06'),
	('M000000007', 'Video', '01:48:54', '2024-02-24'),
	('M000000008', 'Video', '01:21:19', '2023-08-24'),
	('M000000009', 'Video', '02:29:00', '2023-04-17'),
	('M000000010', 'Video', '01:11:01', '2023-08-12');

INSERT INTO PERFORMER VALUES('A1B2C3D4E5', 'ILLENIUM', 'EDM', 'Trilogy', 'H');
INSERT INTO PERFORMER VALUES('A2B3C4D5E6', 'SLANDER', 'EDM', 'Thrive', 'S');
INSERT INTO PERFORMER VALUES('B2A1D4C3E5', 'LE SSERAFIM', 'KPOP', 'Unforgiven', 'H');
INSERT INTO PERFORMER VALUES('E5A1C3B2D4', 'NEW JEANS', 'KPOP', 'Get Up', 'H');
INSERT INTO PERFORMER VALUES('D4516A2892', 'Zedd', 'EDM', 'Clarity', 'H');
INSERT INTO PERFORMER VALUES('A9250BC253', 'Porter Robinson', 'EDM', 'Shelter', 'S');
INSERT INTO PERFORMER VALUES('B72039KMA2', 'Marshmello', 'EDM', 'Alone', 'H');
INSERT INTO PERFORMER VALUES('XX2314LM9C', 'Excision', 'EDM', 'Thunderdome', 'H');
INSERT INTO PERFORMER VALUES('G5029123KL', 'Gryffin', 'EDM', 'All You Need To Know', 'S');
INSERT INTO PERFORMER VALUES('DBN2392837', 'Dabin', 'EDM', 'Worlds Away', 'H');
INSERT INTO PERFORMER VALUES('BRNMRS1123', 'Bruno Mars', 'Pop', 'Doo Wops and Hooligans', 'H');
INSERT INTO PERFORMER VALUES('KSHI192023', 'Keshi', 'Pop', 'Skeletons', 'H');
INSERT INTO PERFORMER VALUES('DRKE555222', 'Drake', 'Rap', 'For All The Dogs', 'H');
INSERT INTO PERFORMER VALUES('JJI2523212', 'Joji', 'Pop', 'Sanctuary', 'S');
INSERT INTO PERFORMER VALUES('PSTMLNE220', 'Post Malone', 'Pop', 'Hollywoods Bleeding', 'S');
INSERT INTO PERFORMER VALUES('NIKI516506', 'NIKI', 'Pop', 'Nicole', 'S');
INSERT INTO PERFORMER VALUES('RCHBRN4923', 'Rich Brian', 'Pop', 'The Sailor', 'S');
INSERT INTO PERFORMER VALUES('WRRNHUE999', 'Warren Hue', 'Pop', 'Boy of the Year', 'S');
INSERT INTO PERFORMER VALUES('ISXO444002', 'ISOXO', 'EDM', 'niteharts', 'S');
INSERT INTO PERFORMER VALUES('KNCK202017', 'Knock2', 'EDM', 'ROOM 202', 'S');



INSERT INTO HEADLINER VALUES('A1B2C3D4E5', 'Fireworks + Lasers', 'Hanzo from Overwatch');
INSERT INTO HEADLINER VALUES('XX2314LM9C', 'Lasers + Visual Show', 'Goku');
INSERT INTO HEADLINER VALUES('B72039KMA2', 'Lasers + Visual Show', 'Dancing Marshmello Logo');
INSERT INTO HEADLINER VALUES('B2A1D4C3E5', 'Fireworks + Visual Show', 'Unforgiven Album Cover');
INSERT INTO HEADLINER VALUES('DBN2392837', 'Lasers + Visual Show + Fireworks', 'Fantasy Landscape');
INSERT INTO HEADLINER VALUES('BRNMRS1123', 'Headlights', 'Live Concert Performance');
INSERT INTO HEADLINER VALUES('E5A1C3B2D4', 'Fireworks + Visual Show', 'Dancing NWJNS logo');
INSERT INTO HEADLINER VALUES('D4516A2892', 'Lasers + Visual Show + Fireworks', 'Squid Game Visuals');
INSERT INTO HEADLINER VALUES('KSHI192023', 'Front Camera Angle + Lasers', 'Front Camera Angle in different filters');
INSERT INTO HEADLINER VALUES('DRKE555222', 'Pyrotechnics', 'Album Cover');

INSERT INTO SUPPORTER VALUES('G5029123KL', 'DJ DECK');
INSERT INTO SUPPORTER VALUES('A9250BC253', 'DJ DECK');
INSERT INTO SUPPORTER VALUES('A2B3C4D5E6', 'DJ DECK + WATER');
INSERT INTO SUPPORTER VALUES('JJI2523212', 'Uber Eats Driver');
INSERT INTO SUPPORTER VALUES('PSTMLNE220', 'Food and Snacks');
INSERT INTO SUPPORTER VALUES('NIKI516506', 'Guitar + Live Band');
INSERT INTO SUPPORTER VALUES('RCHBRN4923', 'Bring Warren Hue on Stage');
INSERT INTO SUPPORTER VALUES('WRRNHUE999', 'Perform with Rich Brian');
INSERT INTO SUPPORTER VALUES('ISXO444002', 'DJ DECK + B2B W KNOCK2');
INSERT INTO SUPPORTER VALUES('KNCK202017', 'DJ DECK + B2B W ISOXO');

DROP DATABASE QUARTERPROJECT;
